Date,Day,Month,Year,quarter,GDP,Population,CPI,PPI,Import,Export,M2,Unemployment.Rate,Purchase.Power.Parity,Inflation.Rate,Industrial.Production,Total.Non.Farm.Payrolls,Real.Personal.Income,Real.Manufacturing.Trade.Industries,percent_change_gdp,recession
1/1/47,1,1,1947,Q1,1934.5,143156,21.7,24.8,7.5,18.4,196.9309864,5.729390681,1,2.358490566,14.2811,43569,1749.278665,33556.84159,0,NO
4/1/47,1,4,1947,Q2,1932.3,143803,22.01,25,8.2,19.5,199.1759864,5.749926131,1,1.428571429,14.2905,43646,1756.845665,37082.51959,-0.113724477,NO
7/1/47,1,7,1947,Q3,1930.3,144462,22.49,25.7,7.7,19.4,201.4209864,5.770535186,1,2.180826897,14.3184,43968,1764.412665,40608.19759,-0.103503597,NO
10/1/47,1,10,1947,Q4,1960.7,145135,23.127,26.8,8.3,17.6,203.6659864,5.791218108,1,2.832369942,14.7096,44494,1771.979665,44133.87559,1.574884733,NO
1/1/48,1,1,1948,Q1,1989.5,145761,23.617,27.4,9.6,16.9,205.9109864,3.7,1,2.118735677,14.8588,44633,1779.546665,47659.55359,1.468863161,NO
4/1/48,1,4,1948,Q2,2021.9,146341,23.993,27.5,10,15.2,208.1559864,3.7,1,1.592073506,15.0171,44733,1787.113665,51185.23159,1.628549887,NO
7/1/48,1,7,1948,Q3,2033.2,146973,24.397,28.1,10.5,15.4,210.4009864,3.8,1,1.683824449,15.1569,45210,1794.680665,54710.90959,0.558880261,NO
10/1/48,1,10,1948,Q4,2035.3,147659,24.173,27.7,10.1,14.6,212.6459864,3.8,1,-0.918145674,14.9985,45158,1802.247665,58236.58759,0.103285461,NO
1/1/49,1,1,1949,Q1,2007.5,148298,23.943,27,9.6,16.1,214.8909864,4.7,1,-0.951474786,14.514,44470,1809.814665,61762.26559,-1.365892006,YES
4/1/49,1,4,1949,Q2,2000.8,148891,23.917,26.3,9.4,15.6,217.1359864,5.9,1,-0.108591238,14.0576,43984,1817.381665,65287.94359,-0.333748443,NO
7/1/49,1,7,1949,Q3,2022.8,149529,23.717,26,8.9,14.1,219.3809864,6.7,1,-0.836225279,14.0855,43645,1824.948665,68813.62159,1.099560176,NO
10/1/49,1,10,1949,Q4,2004.7,150211,23.66,26,9.1,12.1,221.6259864,7,1,-0.240333938,14.0203,43237,1832.515665,72339.29959,-0.894799288,NO
1/1/50,1,1,1950,Q1,2084.6,150852,23.587,26,9.5,11.7,223.8709864,6.4,1,-0.308537616,14.7562,43593,1840.082665,75864.97759,3.985633761,NO
4/1/50,1,4,1950,Q2,2147.6,151385,23.767,26.4,10.2,11.9,226.1159864,5.6,1,0.763132234,15.9953,44726,1847.649665,79390.65559,3.022162525,NO
7/1/50,1,7,1950,Q3,2230.4,152039,24.203,27.9,13,12.3,228.3609864,4.6,1,1.834476375,17.2808,46028,1855.216665,82916.33359,3.855466567,NO
10/1/50,1,10,1950,Q4,2273.4,152724,24.693,29.1,13.7,13.5,230.6059864,4.2,1,2.024542412,17.579,46782,1862.783665,86442.01159,1.927905308,NO
1/1/51,1,1,1951,Q1,2304.5,153336,25.697,30.8,14.9,15,232.8509864,3.5,1,4.065929616,17.933,47579,1870.350665,89967.68959,1.367995073,NO
4/1/51,1,4,1951,Q2,2344.5,153947,25.947,30.7,15.2,17.1,235.0959864,3.1,1,0.972876211,17.9889,47959,1877.917665,93493.36759,1.735734433,NO
7/1/51,1,7,1951,Q3,2392.8,154655,25.933,30.2,14.3,18.1,237.3409864,3.2,1,-0.053956141,17.5603,48009,1885.484665,97019.04559,2.060140755,NO
10/1/51,1,10,1951,Q4,2398.1,155389,26.317,30.1,14,18.2,239.5859864,3.4,1,1.480738827,17.6814,48155,1893.051665,100544.7236,0.221497827,NO
1/1/52,1,1,1952,Q1,2423.5,156033,26.417,29.9,15,18.7,241.8309864,3.1,1,0.379982521,18.0913,48441,1900.618665,104070.4016,1.059171844,NO
4/1/52,1,4,1952,Q2,2428.5,156644,26.487,29.6,14.6,16.6,244.0759864,3,1,0.264980884,17.8305,48516,1908.185665,107596.0796,0.206313183,NO
7/1/52,1,7,1952,Q3,2446.1,157324,26.667,29.7,15.3,15.2,246.3209864,3.2,1,0.679578661,18.3521,48795,1915.752665,111121.7576,0.724727198,NO
10/1/52,1,10,1952,Q4,2526.4,158043,26.697,29.3,16.3,15.3,248.5659864,2.8,1,0.112498594,19.6657,49859,1923.319665,114647.4356,3.282776665,NO
1/1/53,1,1,1953,Q1,2573.4,158648,26.62,29.1,15.8,15.1,250.8109864,2.7,1,-0.28842192,20.0569,50320,1930.886665,118173.1136,1.860354655,NO
4/1/53,1,4,1953,Q2,2593.5,159234,26.72,29,16.4,15.2,253.0559864,2.6,1,0.3756574,20.3364,50482,1938.453665,121698.7916,0.781067848,NO
7/1/53,1,7,1953,Q3,2578.9,159963,26.843,29.4,16.3,15.8,255.3009864,2.7,1,0.460329341,20.355,50463,1946.020665,125224.4696,-0.562945826,NO
10/1/53,1,10,1953,Q4,2539.8,160713,26.89,29.2,15.5,15.2,257.5459864,3.7,1,0.175092203,19.3955,49950,1953.587665,128750.1476,-1.516150297,YES
1/1/54,1,1,1954,Q1,2528,161389,26.953,29.3,14.8,14.4,259.7909864,5.3,1,0.234287839,18.7807,49336,1961.154665,132275.8256,-0.464603512,NO
4/1/54,1,4,1954,Q2,2530.7,162044,26.91,29.3,16.2,16.4,262.0359864,5.8,1,-0.159536972,18.7062,49013,1968.721665,135801.5036,0.106803797,NO
7/1/54,1,7,1954,Q3,2559.4,162792,26.84,29.3,15.3,15.9,264.2809864,6,1,-0.260126347,18.7993,48847,1976.288665,139327.1816,1.134073576,NO
10/1/54,1,10,1954,Q4,2609.3,163585,26.757,29.1,15.5,16.6,266.5259864,5.3,1,-0.30923994,19.321,49151,1983.855665,142852.8596,1.949675705,NO
1/1/55,1,1,1955,Q1,2683.8,164266,26.793,29.2,16.2,17.3,268.7709864,4.7,1,0.134544231,20.3643,49701,1991.422665,146378.5376,2.855171885,NO
4/1/55,1,4,1955,Q2,2727.5,164926,26.757,29.2,17.1,16.9,271.0159864,4.4,1,-0.134363453,21.2494,50516,1998.989665,149904.2156,1.628288248,NO
7/1/55,1,7,1955,Q3,2764.1,165674,26.777,29.4,17.4,18.1,273.2609864,4.1,1,0.074746795,21.5754,51119,2006.556665,153429.8936,1.341888176,NO
10/1/55,1,10,1955,Q4,2780.8,166481,26.857,29.5,18.1,18.3,275.5059864,4.2,1,0.298763865,22.0878,51609,2014.123665,156955.5716,0.604174957,NO
1/1/56,1,1,1956,Q1,2770,167190,26.86,29.8,18.9,19.4,277.7509864,4,1,0.011170272,22.1716,52146,2021.690665,160481.2496,-0.388377445,NO
4/1/56,1,4,1956,Q2,2792.9,167869,27.037,30.2,19,20.9,279.9959864,4.2,1,0.65897245,22.0785,52488,2029.257665,164006.9276,0.826714801,NO
7/1/56,1,7,1956,Q3,2790.6,168654,27.317,30.4,19.3,21.8,282.2409864,4.1,1,1.035617857,21.9574,52395,2036.824665,167532.6056,-0.082351677,NO
10/1/56,1,10,1956,Q4,2836.2,169497,27.55,30.7,18.5,23.1,284.4859864,4.1,1,0.852948713,22.7585,52844,2044.391665,171058.2836,1.634057192,NO
1/1/57,1,1,1957,Q1,2854.5,170218,27.777,31,20.1,24.9,286.7309864,3.9,1,0.823956443,22.9728,53047,2051.958665,174583.9616,0.645229532,NO
4/1/57,1,4,1957,Q2,2848.2,170915,28.013,31.1,20.3,24.4,288.9759864,4.1,1,0.849623789,22.684,53151,2059.525665,178109.6396,-0.220704151,NO
7/1/57,1,7,1957,Q3,2875.9,171684,28.263,31.3,19.8,23.8,291.2209864,4.2,1,0.892442794,22.7679,53060,2067.092665,181635.3176,0.972544063,NO
10/1/57,1,10,1957,Q4,2846.4,172463,28.4,31.3,19.6,23,293.4659864,4.9,1,0.484732689,21.8083,52570,2074.659665,185160.9956,-1.025765847,NO
1/1/58,1,1,1958,Q1,2772.7,173116,28.737,31.6,19.5,20.5,295.7109864,6.3,1,1.186619718,20.5786,51651,2082.226665,188686.6736,-2.589235526,YES
4/1/58,1,4,1958,Q2,2790.9,173781,28.93,31.6,20.1,20.5,297.9559864,7.4,1,0.671608031,20.234,50951,2089.793665,192212.3516,0.656399899,NO
7/1/58,1,7,1958,Q3,2855.5,174535,28.913,31.6,19.7,20.6,300.2009864,7.3,1,-0.05876253,21.3053,51258,2097.360665,195738.0296,2.31466552,NO
10/1/58,1,10,1958,Q4,2922.3,175340,28.943,31.6,20.8,20.6,302.4459864,6.4,1,0.103759555,22.2648,51839,2104.927665,199263.7076,2.339345123,NO
1/1/59,1,1,1959,Q1,2976.6,176045,28.993,31.7,21.4,21.8,287.8,5.8,1,0.172753343,23.243,52728,2162.8,202789.3856,1.858125449,NO
4/1/59,1,4,1959,Q2,3049,176727,29.043,31.8,22.5,22.6,292.1,5.1,1,0.17245542,24.3702,53516,2203.1,206315.0636,2.432305315,NO
7/1/59,1,7,1959,Q3,3043.1,177481,29.193,31.7,22.9,23.5,296.1,5.3,1,0.516475571,23.3734,53522,2202.1,209840.7416,-0.193506068,NO
10/1/59,1,10,1959,Q4,3055.1,178268,29.37,31.5,22.5,23.1,297.1,5.6,1,0.606309732,23.4852,53723,2218.8,213366.4196,0.394334724,NO
1/1/60,1,1,1960,Q1,3123.2,179694,29.397,31.7,23.3,26,298.7,5.1,1,1.509929427,24.9012,54415,2253.9,216892.0976,2.229059605,NO
4/1/60,1,4,1960,Q2,3111.3,180335,29.573,31.7,23.5,27.6,301.1,5.2,1,0.598700548,24.3609,54544,2267.1,220417.7756,-0.381019467,NO
7/1/60,1,7,1960,Q3,3119.1,181094,29.59,31.6,22.9,27,306.5,5.5,1,0.057484868,23.9603,54268,2269,223943.4536,0.250699065,NO
10/1/60,1,10,1960,Q4,3081.3,181915,29.78,31.7,21.7,27.5,310.9,6.3,1,0.642108821,23.3827,53950,2261.5,227469.1316,-1.211888045,YES
1/1/61,1,1,1961,Q1,3102.3,182634,29.84,31.8,21.7,27.5,316.3,6.8,1,1.075181891,23.0287,53634,2272.5,230994.8096,0.681530523,NO
4/1/61,1,4,1961,Q2,3159.9,183337,29.83,31.5,21.9,27.4,322.1,7,1,-0.033512064,23.9417,53796,2303.1,234520.4876,1.856686974,NO
7/1/61,1,7,1961,Q3,3212.6,184103,29.947,31.5,23.3,27.2,327.6,6.8,1,0.392222595,24.7056,54270,2333.6,238046.1656,1.667774297,NO
10/1/61,1,10,1961,Q4,3277.7,184894,29.99,31.5,23.9,28.3,333.3,6.2,1,0.143587004,25.5719,54712,2383.4,241571.8436,2.026396065,NO
1/1/62,1,1,1962,Q1,3336.8,185553,30.107,31.7,24.3,28.3,340.2,5.6,1,1.116071429,25.9539,55118,2408.3,245097.5216,1.803093633,NO
4/1/62,1,4,1962,Q2,3372.7,186203,30.22,31.5,24.9,30.7,347.4,5.5,1,0.375327997,26.2054,55624,2440.8,248623.1996,1.075881084,NO
7/1/62,1,7,1962,Q3,3404.8,186926,30.307,31.7,25.1,29,352.8,5.6,1,0.287888815,26.4849,55854,2458,252148.8776,0.951759718,NO
10/1/62,1,10,1962,Q4,3418,187680,30.38,31.7,25.6,28.4,359.9,5.5,1,0.240868446,26.7084,56042,2481.2,255674.5556,0.38768797,NO
1/1/63,1,1,1963,Q1,3456.1,188299,30.477,31.5,25.2,29.1,367.9,5.8,1,1.214128036,27.2022,56223,2495.6,259200.2336,1.114686951,NO
4/1/63,1,4,1963,Q2,3501.1,188906,30.533,31.5,25.9,32.4,375.9,5.7,1,0.183745119,27.9195,56618,2524,262725.9116,1.302045658,NO
7/1/63,1,7,1963,Q3,3569.5,189631,30.72,31.6,26.7,30.6,383.6,5.5,1,0.612452101,28.1058,56927,2550,266251.5896,1.953671703,NO
10/1/63,1,10,1963,Q4,3595,190362,30.803,31.6,26.8,32.2,391,5.6,1,0.270182292,28.5809,57300,2589.2,269777.2676,0.714385768,NO
1/1/64,1,1,1964,Q1,3672.7,190954,30.93,31.7,27,34.2,397.5,5.5,1,1.308615049,28.9722,57712,2623.6,273302.9456,2.161335188,NO
4/1/64,1,4,1964,Q2,3716.4,191560,30.98,31.5,27.7,34.8,404.3,5.2,1,0.161655351,29.6523,58077,2670.8,276828.6236,1.189860321,NO
7/1/64,1,7,1964,Q3,3766.9,192256,31.05,31.6,28.4,34.8,413.5,5,1,0.225952227,30.1274,58645,2712.3,280354.3016,1.35884189,NO
10/1/64,1,10,1964,Q4,3780.2,192938,31.193,31.7,29.3,36.2,421.9,5,1,0.460547504,30.5839,59144,2749.2,283879.9796,0.353075473,NO
1/1/65,1,1,1965,Q1,3873.5,193467,31.29,31.9,28.5,33.1,430.4,4.9,1,1.66846071,31.739,59795,2793.3,287405.6576,2.46812338,NO
4/1/65,1,4,1965,Q2,3926.4,193994,31.49,32.2,31.7,39.1,437.5,4.7,1,0.639181847,32.4749,60480,2832.9,290931.3356,1.365689944,NO
7/1/65,1,7,1965,Q3,4006.2,194647,31.583,32.4,32,36.9,446.1,4.4,1,0.295331851,33.155,61227,2880.3,294457.0136,2.032396088,NO
10/1/65,1,10,1965,Q4,4100.6,195279,31.75,32.6,33.9,39.5,455.8,4.1,1,0.528765475,33.8258,62012,2949.3,297982.6916,2.356347661,NO
1/1/66,1,1,1966,Q1,4201.9,195763,32.047,33.1,35,39.4,464.6,3.9,1,2.991000529,34.7946,62839,2988.7,301508.3696,2.47037019,NO
4/1/66,1,4,1966,Q2,4219.1,196277,32.337,33.2,36.2,41.5,470.2,3.8,1,0.904920897,35.5212,63752,3016.1,305034.0476,0.409338633,NO
7/1/66,1,7,1966,Q3,4249.2,196877,32.617,33.6,38.2,40.4,473,3.8,1,0.865881189,36.0708,64484,3052.9,308559.7256,0.713422294,NO
10/1/66,1,10,1966,Q4,4285.6,197481,32.883,33.3,38.8,42.4,477.7,3.7,1,0.815525646,36.4155,65024,3081.2,312085.4036,0.856631837,NO
1/1/67,1,1,1967,Q1,4324.9,197967,32.967,33.4,39.4,44,485.5,3.8,1,2.775636083,36.2149,65455,3112.7,336830.799,0.917024454,NO
4/1/67,1,4,1967,Q2,4328.7,198455,33.167,33.3,39,43.5,497.1,3.8,1,0.606667273,36.0673,65612,3128.3,338450.475,0.087863303,NO
7/1/67,1,7,1967,Q3,4366.1,199012,33.5,33.4,39.5,42.4,510.6,3.8,1,1.00401001,36.3154,66064,3162.6,341260.654,0.864000739,NO
10/1/67,1,10,1967,Q4,4401.2,199572,33.867,33.5,41.7,43.9,521.4,3.9,1,1.095522388,37.2871,66609,3187.2,349918.923,0.80392112,NO
1/1/68,1,1,1968,Q1,4490.6,199995,34.2,34,44.4,45.5,530.3,3.7,1,4.217721097,37.8194,67105,3239.6,354715.371,2.031264201,NO
4/1/68,1,4,1968,Q2,4566.4,200452,34.533,34.2,45.4,47.4,539.1,3.6,1,0.973684211,38.3292,67704,3288.3,357893.995,1.687970427,NO
7/1/68,1,7,1968,Q3,4599.3,200997,35,34.3,48.2,49.5,549.5,3.5,1,1.352329656,38.6267,68313,3337.4,361383.667,0.720480028,NO
10/1/68,1,10,1968,Q4,4619.8,201538,35.433,34.5,48.2,49.2,562.3,3.4,1,1.237142857,39.2132,68984,3370,368531.127,0.445720001,NO
1/1/69,1,1,1969,Q1,4691.6,201955,35.867,35,43.8,44,571.9,3.4,1,5.414700472,39.9761,69681,3398.5,368136.761,1.554179835,NO
4/1/69,1,4,1969,Q2,4706.7,202419,36.433,35.5,52.7,53.9,576.9,3.4,1,1.578052249,40.1505,70345,3440.5,370584.791,0.32185182,NO
7/1/69,1,7,1969,Q3,4736.1,202986,36.933,35.8,52.4,53.3,580.6,3.6,1,1.372382181,40.6325,70884,3492.9,373744.529,0.624641469,NO
10/1/69,1,10,1969,Q4,4715.5,203584,37.5,36.1,53.1,56.5,585.6,3.6,1,1.535212412,40.3778,71149,3516.7,376897.602,-0.434957032,NO
1/1/70,1,1,1970,Q1,4707.1,204086,38.1,36.6,53.5,56.9,587.7,4.2,1,5.895295903,39.3995,71311,3534.3,368734.049,-0.178135935,NO
4/1/70,1,4,1970,Q2,4715.4,204721,38.633,36.8,55.2,60.6,591.7,4.8,1,1.398950131,39.1828,71167,3531.2,367237.312,0.176329375,NO
7/1/70,1,7,1970,Q3,4757.2,205419,39.033,37,56.4,60.3,605.1,5.2,1,1.035384257,39.0425,70978,3560.2,369604.616,0.88645714,NO
10/1/70,1,10,1970,Q4,4708.3,206130,39.6,37.1,57.9,61.1,621.3,5.8,1,1.452617016,38.1985,70573,3537.3,364991.094,-1.027915581,NO
1/1/71,1,1,1971,Q1,4834.3,206763,39.933,37.6,58.7,63.1,641.3,5.9,1,4.255928924,38.9349,70844,3583.1,376089.616,2.676125141,NO
4/1/71,1,4,1971,Q2,4861.9,207362,40.3,38.1,63.3,63.1,666,5.9,1,0.919039391,39.2876,71179,3611.3,382866.039,0.570920299,NO
7/1/71,1,7,1971,Q3,4900,208000,40.7,38.4,65.5,65.4,685.9,6,1,0.992555831,39.4088,71434,3636.7,385280.371,0.783644254,NO
10/1/71,1,10,1971,Q4,4914.3,208642,41,38.4,61.9,60.3,704.4,5.9,1,0.737100737,40.3222,71865,3684.3,394271.906,0.291836735,NO
1/1/72,1,1,1972,Q1,5002.4,209142,41.333,39.1,72.2,68.6,725.6,5.8,1,3.305614735,42.0306,72681,3747.5,402701.332,1.792727347,NO
4/1/72,1,4,1972,Q2,5118.3,209637,41.6,39.5,71.4,67.2,743.8,5.7,1,0.645972951,42.8328,73463,3796.7,411213.334,2.316887894,NO
7/1/72,1,7,1972,Q3,5165.4,210181,41.933,40.1,74.1,71.5,768.8,5.6,1,0.800480769,43.3817,74036,3865.5,419657.201,0.920227419,NO
10/1/72,1,10,1972,Q4,5251.2,210737,42.367,40.5,79.2,76.1,794.4,5.4,1,1.03498438,44.8986,74970,3982.4,441159.938,1.661052387,NO
1/1/73,1,1,1973,Q1,5380.5,211192,43.033,42.5,85.4,84,813.2,4.9,1,6.220063864,46.1731,75974,3995.3,453427.115,2.462294333,NO
4/1/73,1,4,1973,Q2,5441.5,211663,43.933,44.5,89.5,91.9,826.6,4.9,1,2.091418214,46.5522,76663,4026.6,449320.529,1.133723632,NO
7/1/73,1,7,1973,Q3,5411.9,212191,44.8,46.4,91.1,97.6,838.2,4.8,1,1.973459586,46.9585,77118,4054.7,449114.644,-0.543967656,NO
10/1/73,1,10,1973,Q4,5462.4,212708,45.933,46.7,98.7,107.6,849,4.8,1,2.529017857,47.6553,77851,4107,462396.803,0.933128846,NO
1/1/74,1,1,1974,Q1,5417,213144,47.3,49.9,110.3,116.7,864.7,5.1,1,11.03526022,47.2366,78218,4028.8,460132.071,-0.831136497,NO
4/1/74,1,4,1974,Q2,5431.3,213602,48.567,51.6,129.4,126.7,875.1,5.2,1,2.678646934,47.2717,78510,3982.8,457863.636,0.263983755,NO
7/1/74,1,7,1974,Q3,5378.7,214147,49.933,55.3,133.6,126.6,884.5,5.6,1,2.812609385,47.0768,78622,3980.4,452192.177,-0.96846059,NO
10/1/74,1,10,1974,Q4,5357.2,214700,51.467,57.2,136.6,136.6,898,6.6,1,3.072116636,45.2019,78182,3958.5,433089.33,-0.399724841,NO
1/1/75,1,1,1975,Q1,5292.4,215135,52.567,57.2,124.9,141.4,915.1,8.3,1,9.131930735,42.2087,76955,3913.7,415924.614,-1.209587098,YES
4/1/75,1,4,1975,Q2,5333.2,215652,53.2,57.8,115.2,136.8,948.7,8.9,1,1.204177526,41.6506,76535,3919.7,411862.093,0.770916786,NO
7/1/75,1,7,1975,Q3,5421.4,216289,54.267,59,122.1,134.1,983.2,8.5,1,2.005639098,42.6727,77051,3956.5,419941.588,1.653791345,NO
10/1/75,1,10,1975,Q4,5494.4,216848,55.267,59.7,128.7,142.5,1007,8.3,1,1.842740524,43.6084,77744,3997.9,423834.884,1.34651566,NO
1/1/76,1,1,1976,Q1,5618.5,217314,55.9,59.9,138.9,143.6,1039,7.7,1,5.737027083,44.9486,78791,4045.5,439557.666,2.258663366,NO
4/1/76,1,4,1976,Q2,5661,217776,56.4,60.9,147.1,146.6,1070.2,7.6,1,0.894454383,45.5272,79326,4094.4,446018.597,0.756429652,NO
7/1/76,1,7,1976,Q3,5689.8,218338,57.3,61.6,155.8,151.8,1098.6,7.7,1,1.595744681,46.1247,79714,4125.6,451278.286,0.508744038,NO
10/1/76,1,10,1976,Q4,5732.5,218917,58.133,62.1,162.7,156.1,1138.4,7.8,1,1.453752182,46.9509,80197,4164.7,456211.373,0.750465746,NO
1/1/77,1,1,1977,Q1,5799.2,219427,59.2,63.5,176.4,155.4,1177.1,7.5,1,6.486460064,47.9258,81024,4175.5,469597.586,1.163541212,NO
4/1/77,1,4,1977,Q2,5913,219956,60.233,65,183,161.9,1208.8,7.1,1,1.744932432,49.4142,82102,4246.7,476540.642,1.962339633,NO
7/1/77,1,7,1977,Q3,6017.6,220573,61.067,65.1,182.9,162.3,1236.6,6.9,1,1.384623047,49.9623,83147,4304.7,481922.899,1.768983595,NO
10/1/77,1,10,1977,Q4,6018.2,221201,61.967,65.9,187.4,157.8,1262.2,6.7,1,1.473791082,50.2798,84125,4408.2,490631.528,0.009970752,NO
1/1/78,1,1,1978,Q1,6039.2,221719,63.033,67.5,203.3,164.6,1285.8,6.3,1,7.647463851,50.1325,85001,4437.6,489511.382,0.348941544,NO
4/1/78,1,4,1978,Q2,6274,222281,64.467,69.5,208.8,186.2,1309.8,6,1,2.27499881,52.1513,86541,4506.4,512136.487,3.887932176,NO
7/1/78,1,7,1978,Q3,6335.3,222933,65.967,70.6,215.1,191.3,1334.2,6,1,2.326771837,52.6077,87435,4549.7,513667.293,0.977048135,NO
10/1/78,1,10,1978,Q4,6420.3,223583,67.5,72.2,221.8,205.4,1359.1,5.9,1,2.323889217,53.5549,88339,4604.3,522125.231,1.341688634,NO
1/1/79,1,1,1979,Q1,6433,224152,69.2,74.8,229.8,211.7,1379.1,5.9,1,11.26604409,53.7835,89115,4653.1,522345.928,0.197810071,NO
4/1/79,1,4,1979,Q2,6440.8,224737,71.4,77.5,243.1,220.9,1411.8,5.7,1,3.179190751,53.6734,89773,4621.1,522988.021,0.121249806,NO
7/1/79,1,7,1979,Q3,6487.1,225418,73.7,79.9,257.3,234.3,1445.2,5.9,1,3.221288515,53.5141,90279,4633.6,522164.482,0.718854801,NO
10/1/79,1,10,1979,Q4,6503.9,226117,76.033,82.7,280.5,253.7,1466.7,6,1,3.165535957,53.694,90577,4661.8,518567.424,0.258975505,NO
1/1/80,1,1,1980,Q1,6524.9,226754,79.033,86.5,304.3,268.5,1492.4,6.3,1,13.50937033,53.915,90893,4649.6,514806.324,0.322883193,NO
4/1/80,1,4,1980,Q2,6392.6,227389,81.7,88.3,292.6,277.4,1514.6,7.3,1,3.374539749,51.6453,90456,4586.8,489813.173,-2.027617281,YES
7/1/80,1,7,1980,Q3,6382.9,228070,83.233,91.2,279.2,284.7,1560.3,7.7,1,1.876376989,50.8043,90048,4590.9,498762.125,-0.151737947,NO
10/1/80,1,10,1980,Q4,6501.2,228689,85.567,93.3,299.2,292.5,1593.5,7.4,1,2.804176228,52.7617,90727,4709.5,518160.098,1.853389525,NO
1/1/81,1,1,1981,Q1,6635.7,229155,87.933,96.1,319.7,305.5,1620.7,7.4,1,10.31553398,52.8918,91117,4708,519061.399,2.068848828,NO
4/1/81,1,4,1981,Q2,6587.3,229674,89.767,98.3,322,308.5,1664.6,7.4,1,2.085678869,53.0559,91355,4723.5,512170.925,-0.729388007,NO
7/1/81,1,7,1981,Q3,6662.9,230301,92.267,98.9,309.9,302.3,1694.1,7.4,1,2.784987802,53.5447,91549,4808.7,508697.546,1.147662927,NO
10/1/81,1,10,1981,Q4,6585.1,230903,93.767,98.8,319.4,304.7,1737.8,8.2,1,1.62571667,52.351,91148,4803.2,494101.575,-1.167659728,YES
1/1/82,1,1,1982,Q1,6475,231395,94.6,99.7,309.5,293.2,1777.1,8.8,1,6.160616062,51.2778,90520,4797.6,491276.955,-1.671956386,YES
4/1/82,1,4,1982,Q2,6510.2,231906,95.967,99.8,299.1,294.7,1815.1,9.4,1,1.445031712,50.642,90041,4820.7,494030.849,0.543629344,NO
7/1/82,1,7,1982,Q3,6486.8,232498,97.633,100.2,309.3,279.6,1845,9.9,1,1.736013421,49.9377,89356,4794.4,485616.975,-0.359435962,NO
10/1/82,1,10,1982,Q4,6493.1,233074,97.933,100.3,294.9,265.3,1886.4,10.7,1,0.307273156,48.996,88819,4798.2,480188.801,0.097120306,NO
1/1/83,1,1,1983,Q1,6578.2,233546,98,100.4,295.3,270.7,1990.5,10.4,1,3.212435233,49.561,89000,4823.7,490246.42,1.310622045,NO
4/1/83,1,4,1983,Q2,6728.3,234028,99.133,100.7,318,272.5,2041.7,10.1,1,1.156122449,50.653,89677,4863.6,504390.258,2.28177921,NO
7/1/83,1,7,1983,Q3,6860,234603,100.1,101.7,343.4,278.2,2074,9.4,1,0.975457214,52.3879,90606,4920.1,517352.111,1.957403802,NO
10/1/83,1,10,1983,Q4,7001.5,235153,101.1,102.2,358,286.6,2111.7,8.5,1,0.999000999,53.758,91872,5038.8,534949.333,2.062682216,NO
1/1/84,1,1,1984,Q1,7140.6,235605,102.533,103.3,388,293,2157.2,7.9,1,4.317269076,55.3382,93085,5140.9,546813.628,1.986717132,NO
4/1/84,1,4,1984,Q2,7266,236082,103.5,104,406.5,302.2,2203.6,7.4,1,0.943110998,56.196,94124,5237.3,554598.738,1.756154945,NO
7/1/84,1,7,1984,Q3,7337.5,236657,104.4,103.8,409.6,305.7,2232.8,7.4,1,0.869565217,56.6028,95057,5330.1,556025.86,0.984035233,NO
10/1/84,1,10,1984,Q4,7396,237232,105.3,103.5,416.4,308.6,2282.2,7.3,1,0.862068966,56.6261,95905,5380.6,561378.864,0.797274276,NO
1/1/85,1,1,1985,Q1,7469.5,237673,106.267,103.3,397.3,306,2350.9,7.2,1,3.561116458,56.8096,96571,5413.9,564992.585,0.993780422,NO
4/1/85,1,4,1985,Q2,7537.9,238176,107.233,103.4,418.6,304.1,2392.5,7.3,1,0.909031026,56.8495,97270,5435.3,569558.339,0.915723944,NO
7/1/85,1,7,1985,Q3,7655.2,238789,107.9,102.7,414.2,297.3,2443.3,7.2,1,0.622010016,56.7697,97845,5466.1,573878.587,1.556136324,NO
10/1/85,1,10,1985,Q4,7712.6,239387,109,103.3,438.9,305.4,2479.3,7,1,1.019462465,57.0998,98428,5536.9,574777.666,0.749817118,NO
1/1/86,1,1,1986,Q1,7784.1,239861,109.567,101.7,439.4,313.4,2516,7,1,1.858736059,57.4326,98837,5580,580727.587,0.92705443,NO
4/1/86,1,4,1986,Q2,7819.8,240368,109.033,99.8,444,315.1,2582.5,7.2,1,-0.487373023,57.1026,99175,5649.8,589148.496,0.458627202,NO
7/1/86,1,7,1986,Q3,7898.6,240962,109.7,99.4,459.4,320.5,2647,7,1,0.611741399,57.3157,99665,5695.4,598508.106,1.007698407,NO
10/1/86,1,10,1986,Q4,7939.5,241539,110.467,99.7,468.6,335,2705.6,6.8,1,0.699179581,57.9713,100312,5731.3,602542.115,0.517813283,NO
1/1/87,1,1,1987,Q1,7995,242009,111.8,100.9,477.7,336.5,2748.4,6.6,1,3.740875912,58.7343,100921,5760.6,605414.133,0.699036463,NO
4/1/87,1,4,1987,Q2,8084.7,242520,113.067,102.5,502.3,355.4,2771.7,6.3,1,1.133273703,59.7712,101710,5798.9,611487.363,1.12195122,NO
7/1/87,1,7,1987,Q3,8158,243120,114.267,103.7,517.3,371.9,2788.9,6,1,1.061317626,60.8835,102437,5862.6,618939.206,0.906650834,NO
10/1/87,1,10,1987,Q4,8292.7,243721,115.333,104.2,537.5,392.1,2820,5.8,1,0.932902763,62.3663,103391,5965.1,622439.617,1.651139985,NO
1/1/88,1,1,1988,Q1,8339.3,244208,116.233,104.8,542.7,418.7,2869.5,5.7,1,4.009088244,62.9427,104152,6013.6,632011.037,0.56194002,NO
4/1/88,1,4,1988,Q2,8449.5,244716,117.567,106.5,546.1,439.5,2925,5.5,1,1.147694717,63.4948,105006,6062.2,641086.26,1.321453839,NO
7/1/88,1,7,1988,Q3,8498.3,245354,119,108,552.8,453.6,2953,5.5,1,1.218879447,63.7371,105742,6124.9,644411.521,0.577548967,NO
10/1/88,1,10,1988,Q4,8610.9,245966,120.3,108.5,574.3,466.6,2979,5.3,1,1.092436975,64.1868,106600,6189.2,655766.287,1.324970877,NO
1/1/89,1,1,1989,Q1,8697.7,246460,121.667,110.9,586.2,485.2,2995.7,5.2,1,4.82700303,64.4658,107404,6282.4,656909.763,1.008024713,NO
4/1/89,1,4,1989,Q2,8766.1,247017,123.633,112.8,595.4,507.2,3016.5,5.2,1,1.615885984,64.2298,107909,6273.6,655208.991,0.786414799,NO
7/1/89,1,7,1989,Q3,8831.5,247698,124.6,112.4,584.4,509.4,3074.6,5.2,1,0.782153632,63.8319,108182,6309.4,655576.695,0.746055829,NO
10/1/89,1,10,1989,Q4,8850.2,248374,125.867,112.8,598.2,515.4,3134.8,5.4,1,1.016853933,64.1034,108693,6355.3,656206.94,0.21174206,NO
1/1/90,1,1,1990,Q1,8947.1,248936,128.033,114.5,626.8,538.2,3179.9,5.3,1,5.39795644,64.5425,109421,6380.9,662218.331,1.094890511,NO
4/1/90,1,4,1990,Q2,8981.7,249711,129.3,114.3,614.8,545.9,3206.5,5.3,1,0.989588622,65.0443,109796,6420.8,664491.95,0.386717484,NO
7/1/90,1,7,1990,Q3,8983.9,250595,131.533,116.5,630.1,555.1,3241.4,5.7,1,1.726991493,65.3177,109656,6418.2,664193.861,0.024494249,NO
10/1/90,1,10,1990,Q4,8907.4,251482,133.767,119.9,647.3,568.2,3265.5,6.1,1,1.698433093,64.298,109247,6341.9,647965.995,-0.851523281,NO
1/1/91,1,1,1991,Q1,8865.6,252258,134.767,117.5,620.3,573.2,3305.3,6.6,1,4.234963965,63.0789,108784,6291.5,637943.925,-0.46927274,NO
4/1/91,1,4,1991,Q2,8934.4,253063,135.567,116.3,613.9,590.7,3342.9,6.8,1,0.593617132,63.453,108315,6315.1,651851.144,0.776033207,NO
7/1/91,1,7,1991,Q3,8977.3,253965,136.6,116.1,621.7,600.6,3355.4,6.9,1,0.761984849,64.3235,108315,6331.9,659260.774,0.480166547,NO
10/1/91,1,10,1991,Q4,9016.4,254835,137.733,116.2,638.3,615.2,3366,7.1,1,0.82942899,64.4633,108327,6360,656652.777,0.435542981,NO
1/1/92,1,1,1992,Q1,9123,255585,138.667,115.9,645.8,625.3,3394.7,7.4,1,3.028819678,64.3772,108353,6446.7,664949.636,1.182290049,NO
4/1/92,1,4,1992,Q2,9223.5,256439,139.733,117.2,659,626.2,3396.8,7.6,1,0.768748152,65.526,108634,6517,670179.331,1.101611312,NO
7/1/92,1,7,1992,Q3,9313.2,257386,140.8,117.9,677.9,639.4,3400.4,7.6,1,0.76359915,66.027,108896,6543.4,677800.77,0.972515856,NO
10/1/92,1,10,1992,Q4,9406.5,258277,142.033,117.8,688.5,641.4,3424.3,7.4,1,0.875710227,66.7241,109309,6593.6,687485.871,1.001803891,NO
1/1/93,1,1,1993,Q1,9424.1,259039,143.067,118.4,699.3,643.6,3414.3,7.1,1,2.951656966,67.3132,109950,6574.8,694654.437,0.187104662,NO
4/1/93,1,4,1993,Q2,9480.1,259826,144.1,119.5,716.3,653.1,3429.5,7.1,1,0.722039324,67.4598,110544,6618.9,697875.645,0.594221199,NO
7/1/93,1,7,1993,Q3,9526.3,260714,144.767,118.9,719.3,650.9,3445.8,6.8,1,0.462873005,67.7311,111239,6626.1,703607.833,0.487336631,NO
10/1/93,1,10,1993,Q4,9653.5,261547,145.967,118.9,745,671.6,3466.2,6.6,1,0.828918193,68.7521,112016,6688,715191.442,1.335250832,NO
1/1/94,1,1,1994,Q1,9748.2,262250,146.7,119.4,761.8,681.2,3475.8,6.6,1,2.607441592,69.5975,112871,6715.7,727143.497,0.98099135,NO
4/1/94,1,4,1994,Q2,9881.4,263020,147.533,120,797.6,707,3482.4,6.2,1,0.567825494,70.8492,113925,6816.1,736935.613,1.366406106,NO
7/1/94,1,7,1994,Q3,9939.7,263870,148.9,121,833.8,736.9,3484.7,6,1,0.92657236,71.7527,114925,6850.2,749313.508,0.589997369,NO
10/1/94,1,10,1994,Q4,10052.5,264678,149.767,121.4,860.6,758.6,3483.6,5.6,1,0.58226998,73.2342,115839,6934,765064.803,1.134843104,NO
1/1/95,1,1,1995,Q1,10086.9,265388,150.867,123.4,886.9,781.6,3488,5.5,1,2.805419689,73.9891,116698,6993.7,771535.732,0.342203432,NO
4/1/95,1,4,1995,Q2,10122.1,266142,152.1,124.9,908.3,798.9,3520.8,5.7,1,0.817276144,74.2395,117143,7027.9,770364.855,0.348967473,NO
7/1/95,1,7,1995,Q3,10208.8,267000,152.867,125.2,905.8,831.4,3582.7,5.7,1,0.504273504,74.911,117640,7091.1,778051.466,0.856541627,NO
10/1/95,1,10,1995,Q4,10281.2,267820,153.7,125.5,909.2,839.4,3617.5,5.6,1,0.544918131,75.5692,118184,7163,788528.26,0.70919207,NO
1/1/96,1,1,1996,Q1,10348.7,268487,155.067,126.3,936.7,847.9,3662.4,5.5,1,2.9312042,76.0945,118680,7235.8,790103.501,0.656538147,NO
4/1/96,1,4,1996,Q2,10529.4,269251,156.4,127.8,952.8,859,3706.1,5.5,1,0.859628419,77.7183,119475,7329.8,802615.073,1.746113038,NO
7/1/96,1,7,1996,Q3,10626.8,270128,157.3,128.2,973.8,859.6,3740.6,5.3,1,0.57544757,78.6912,120217,7400.8,811121.89,0.925028967,NO
10/1/96,1,10,1996,Q4,10739.1,270991,158.667,128.4,992.6,903.8,3784.2,5.3,1,0.869040051,79.7639,120933,7465.1,822131.541,1.056762149,NO
1/1/97,1,1,1997,Q1,10820.9,271709,159.633,128.5,1027.2,918.4,3832.9,5.2,1,2.337689937,81.2672,121688,7567.8,842186.333,0.761702564,NO
4/1/97,1,4,1997,Q2,10984.2,272487,160,127.2,1039.7,954.5,3875.9,5,1,0.229902338,82.4852,122554,7651.2,854625.667,1.509116617,NO
7/1/97,1,7,1997,Q3,11124,273391,160.8,127.2,1070.9,974.1,3936.7,4.9,1,0.5,84.3927,123274,7766.5,871646,1.272737204,NO
10/1/97,1,10,1997,Q4,11210.3,274246,161.667,127.5,1085.3,968.3,3998.5,4.7,1,0.539179104,86.5126,124250,7903.1,878383.333,0.775800072,NO
1/1/98,1,1,1998,Q1,11321.2,274950,162,125,1098.2,963,4071.4,4.6,1,1.552279099,87.4726,125011,8092.3,891383.667,0.989268797,NO
4/1/98,1,4,1998,Q2,11431,275703,162.533,124.9,1109.6,947.3,4147.4,4.4,1,0.329012346,88.0441,125799,8229.7,900452.667,0.969861852,NO
7/1/98,1,7,1998,Q3,11580.6,276564,163.367,124.3,1109.9,935.3,4217.3,4.5,1,0.513126565,88.6852,126511,8334.7,903231.333,1.308721897,NO
10/1/98,1,10,1998,Q4,11770.7,277400,164.133,123.5,1145,966.3,4326.3,4.4,1,0.468882945,89.9753,127276,8419,924992.333,1.641538435,NO
1/1/99,1,1,1999,Q1,11864.7,278103,164.733,122.6,1170.1,961.6,4403,4.3,1,2.188027197,90.9736,128036,8482.1,938883.333,0.798593117,NO
4/1/99,1,4,1999,Q2,11962.5,278864,165.967,124.5,1218.2,972.8,4466.5,4.3,1,0.749090953,91.8748,128847,8519.7,950669,0.824293914,NO
7/1/99,1,7,1999,Q3,12113.1,279751,167.2,126.9,1278.5,1002.4,4532.5,4.2,1,0.742918773,92.708,129595,8590.9,961626.667,1.258934169,NO
10/1/99,1,10,1999,Q4,12323.3,280592,168.433,127.9,1327.7,1031.2,4594.3,4.1,1,0.737440191,94.3497,130485,8743,976140.333,1.735311357,NO
1/1/00,1,1,2000,Q1,12359.1,281304,170.1,129.6,1406.8,1054,4666.4,4,1,3.376857271,95.2949,131253,8959.3,980432,0.290506601,NO
4/1/00,1,4,2000,Q2,12592.5,282002,171.433,132,1452.3,1092.7,4744.7,3.9,1,0.783656673,96.4771,132031,9042.7,988946.667,1.888487026,NO
7/1/00,1,7,2000,Q3,12607.7,282769,173,133.8,1513.7,1125.2,4800.9,4,1,0.91405972,96.3785,132290,9149.1,989136.333,0.12070677,NO
10/1/00,1,10,2000,Q4,12679.3,283518,174.233,135.5,1517.8,1115.4,4871.9,3.9,1,0.712716763,96.1822,132561,9176.3,986480.667,0.567906914,NO
1/1/01,1,1,2001,Q1,12643.3,284169,175.9,137.8,1488.4,1096.7,4999.5,4.2,1,2.826171119,94.8911,132745,9249.8,981085,-0.283927346,NO
4/1/01,1,4,2001,Q2,12710.3,284838,177.133,136.2,1413.9,1054.6,5125.2,4.4,1,0.700966458,93.7034,132402,9211.7,968044.667,0.52992494,NO
7/1/01,1,7,2001,Q3,12670.1,285584,177.633,133.4,1365.2,998.5,5240.6,4.8,1,0.282273772,92.3628,132005,9190.5,964109.667,-0.316278923,NO
10/1/01,1,10,2001,Q4,12705.3,286311,177.5,129.4,1314.1,957.1,5358.7,5.5,1,-0.074873475,91.3888,131216,9164.3,978831,0.277819433,NO
1/1/02,1,1,2002,Q1,12822.3,286935,178.067,128.9,1348.6,973.3,5452.3,5.7,1,1.586031627,92.0392,130771,9167,977630.667,0.92087554,NO
4/1/02,1,4,2002,Q2,12893,287574,179.467,130.8,1423.5,1007.5,5495.2,5.8,1,0.786220917,93.4702,130648,9167.4,989219,0.551383137,NO
7/1/02,1,7,2002,Q3,12955.8,288303,180.433,131.7,1453.2,1021.6,5598.8,5.7,1,0.538260516,94.0279,130570,9149.5,993760.667,0.487086016,NO
10/1/02,1,10,2002,Q4,12964,289007,181.5,133.1,1490.6,1007.6,5713.7,5.9,1,0.59135524,93.9736,130606,9172.4,990674.333,0.063292116,NO
1/1/03,1,1,2003,Q1,13031.2,289609,183.367,138,1513.1,1011.5,5807.8,5.9,1,2.270094973,94.4815,130427,9153.3,989634,0.518358531,NO
4/1/03,1,4,2003,Q2,13152.1,290253,183.067,137.2,1513.7,1012.3,5923.4,6.1,1,-0.16360632,93.8237,130192,9268.4,998193,0.927773344,NO
7/1/03,1,7,2003,Q3,13372.4,290974,184.433,138.1,1542.4,1042.5,6044.1,6.1,1,0.746174898,94.3952,130226,9331.4,1016500.333,1.675017678,NO
10/1/03,1,10,2003,Q4,13528.7,291669,185.133,139.2,1606.5,1094.8,6037.4,5.8,1,0.379541622,95.3496,130531,9449.4,1022586.333,1.168825342,NO
1/1/04,1,1,2004,Q1,13606.5,292237,186.7,142.2,1687.9,1141.3,6083.6,5.7,1,2.677236693,95.979,130921,9471.3,1029603,0.575073732,NO
4/1/04,1,4,2004,Q2,13706.2,292875,188.167,146.3,1780.3,1172.3,6212.5,5.6,1,0.785752544,96.5321,131638,9568.9,1038950,0.73273803,NO
7/1/04,1,7,2004,Q3,13830.8,293603,189.367,147.7,1824,1186,6281.2,5.4,1,0.637731377,97.0773,131970,9659.1,1049445,0.909077644,NO
10/1/04,1,10,2004,Q4,13950.4,294334,191.4,150.5,1910.5,1226.4,6365.7,5.4,1,1.073576706,98.4315,132552,9793.5,1062579.667,0.864736675,NO
1/1/05,1,1,2005,Q1,14099.1,294957,192.367,152.1,1945,1268.2,6402,5.3,1,3.392746845,99.8136,132999,9735.9,1075669.667,1.065919257,NO
4/1/05,1,4,2005,Q2,14172.7,295588,193.667,154.5,1989.2,1300.1,6446.4,5.1,1,0.675791586,100.3198,133732,9819.6,1089205.333,0.522019136,NO
7/1/05,1,7,2005,Q3,14291.8,296340,196.6,158.7,2042.3,1310.9,6536.6,5,1,1.514455225,99.8164,134483,9890.9,1094928,0.840347993,NO
10/1/05,1,10,2005,Q4,14373.4,297086,198.433,164.3,2143.9,1356.4,6626.5,5,1,0.932349949,100.7527,134956,9998.9,1103505.333,0.570956772,NO
1/1/06,1,1,2006,Q1,14546.1,297736,199.467,162.8,2194.4,1417.2,6713.9,4.7,1,3.225944101,101.715,135756,10248.7,1120702.667,1.201525039,NO
4/1/06,1,4,2006,Q2,14589.6,298408,201.267,165.4,2245,1463.4,6784.9,4.6,1,0.902404909,102.3234,136275,10280.9,1116946.333,0.29904923,NO
7/1/06,1,7,2006,Q3,14602.6,299180,203.167,166.7,2285.7,1480.1,6879.8,4.6,1,0.944019636,102.6673,136717,10297.2,1118423,0.089104568,NO
10/1/06,1,10,2006,Q4,14716.9,299946,202.333,164.1,2263.9,1544.5,6998.6,4.4,1,-0.410499737,102.9305,137083,10471.1,1126064,0.782737321,NO
1/1/07,1,1,2007,Q1,14726,300609,204.317,166.7,2308.9,1580.5,7098.9,4.5,1,2.852672482,103.8797,137629,10535.3,1135716,0.061833674,NO
4/1/07,1,4,2007,Q2,14838.7,301284,206.631,172.8,2358,1625.1,7218.3,4.5,1,1.132553826,105.1295,137985,10582.9,1141264.333,0.765313052,NO
7/1/07,1,7,2007,Q3,14938.5,302062,207.939,173.7,2399.6,1687.5,7328.5,4.7,1,0.633012472,105.3648,138065,10599.5,1147293,0.672565656,NO
10/1/07,1,10,2007,Q4,14991.8,302829,210.49,177.4,2466,1765.4,7412.2,4.8,1,1.226802091,105.538,138310,10601.2,1152035.333,0.356796198,NO
1/1/08,1,1,2008,Q1,14889.5,303494,212.77,183.9,2571.4,1814.6,7552.8,5,1,3.839100297,105.0865,138349,10656,1136848.333,-0.682373031,NO
4/1/08,1,4,2008,Q2,14963.4,304160,215.538,196,2679.9,1920.5,7679.9,5.3,1,1.300935282,103.6121,137880,10554.7,1129266,0.496322912,NO
7/1/08,1,7,2008,Q3,14891.6,304902,218.861,200.5,2697.2,1923.6,7771,6,1,1.541723501,100.2853,137171,10467.7,1090088.333,-0.47983747,NO
10/1/08,1,10,2008,Q4,14577,305616,213.849,178,2311.6,1709.1,8028.3,6.9,1,-2.290037969,96.0124,135564,10482.6,1035789,-2.112600392,YES
1/1/09,1,1,2009,Q1,14375,306237,212.378,169.5,1913.4,1519.5,8285,8.3,1,-0.355546266,90.647,133310,10105.3,997314,-1.385744666,YES
4/1/09,1,4,2009,Q2,14355.6,306866,213.507,171.3,1864.5,1522.7,8380,9.3,1,0.531599318,87.9647,131450,9978.2,976216.667,-0.134956522,NO
7/1/09,1,7,2009,Q3,14402.5,307573,215.344,173.9,2002,1596.4,8406.8,9.6,1,0.860393336,89.2038,130477,9864.5,990630.333,0.326701775,NO
10/1/09,1,10,2009,Q4,14541.9,308285,217.03,176.9,2152.9,1712.3,8459.5,9.9,1,0.782933353,90.5918,129962,9847.4,1001741.333,0.96788752,NO
1/1/10,1,1,2010,Q1,14604.8,308901,217.374,182.1,2241.9,1753.2,8459.8,9.8,1,1.640043442,92.3111,129810,9808.3,1010334,0.432543203,NO
4/1/10,1,4,2010,Q2,14745.9,309472,217.297,184.2,2337.3,1814,8543.2,9.6,1,-0.03542282,94.2268,130443,9965.9,1031200,0.966120727,NO
7/1/10,1,7,2010,Q3,14845.5,310105,217.934,184.6,2404.9,1869.8,8625.9,9.5,1,0.293147167,95.5808,130418,10037.8,1049466,0.675441987,NO
10/1/10,1,10,2010,Q4,14939,310751,219.699,188,2475.9,1972.2,8743.4,9.5,1,0.80987822,95.9441,130740,10137.1,1056025.667,0.629820484,NO
1/1/11,1,1,2011,Q1,14881.3,311287,222.044,195.9,2595.8,2033.3,8852.8,9,1,3.156841569,96.4267,131082,10401.7,1065672.667,-0.386237365,NO
4/1/11,1,4,2011,Q2,14989.6,311829,224.568,203.7,2695.3,2108.3,9019.9,9.1,1,1.136711643,96.6379,131768,10412.2,1062321.667,0.727759,NO
7/1/11,1,7,2011,Q3,15021.1,312468,226.033,203.8,2715.3,2142.9,9431.5,9,1,0.652363649,97.62,132172,10510.8,1075078.333,0.210145701,NO
10/1/11,1,10,2011,Q4,15190.3,313090,227.047,200.8,2739.1,2141,9594.9,8.6,1,0.448607062,98.4548,132740,10515.2,1084864.333,1.126415509,NO
1/1/12,1,1,2012,Q1,15291,313616,228.377,202.2,2784.3,2169.6,9754,8.3,1,2.069337265,99.3315,133516,10722.6,1097271.333,0.66292305,NO
4/1/12,1,4,2012,Q2,15362.4,314146,228.838,201.8,2780.7,2199.8,9895.6,8.2,1,0.201859206,99.9585,133942,10813.5,1102053.667,0.466941338,NO
7/1/12,1,7,2012,Q3,15380.8,314780,229.769,202.4,2744.5,2209.4,10103.7,8,1,0.406838025,100.0373,134368,10824.2,1104814.667,0.119772952,NO
10/1/12,1,10,2012,Q4,15384.3,315418,231.402,202.3,2745.8,2214,10325.8,7.8,1,0.710713804,100.6726,134864,11168.1,1116209,0.022755643,NO
1/1/13,1,1,2013,Q1,15491.9,315912,232.32,203.6,2761.7,2242.2,10470.3,7.7,1,1.464832656,101.3566,135518,10728.2,1128672.667,0.699414338,NO
4/1/13,1,4,2013,Q2,15521.6,316433,232.036,204,2767.8,2253.1,10597.2,7.5,1,-0.122245179,101.6687,136098,10817.4,1132759.333,0.191713089,NO
7/1/13,1,7,2013,Q3,15641.3,317085,233.213,204.2,2767,2274.1,10764.4,7.3,1,0.507248875,101.9073,136649,10868.3,1137502.667,0.771183383,NO
10/1/13,1,10,2013,Q4,15793.9,317755,234.285,201.9,2777.9,2337.1,10954,6.9,1,0.459665628,102.7177,137260,10906.2,1155551.333,0.975622231,NO
1/1/14,1,1,2014,Q1,15747,318301,235.651,205.5,2847.4,2339.1,11105,6.7,1,1.622222977,103.2812,137777,11057.9,1154836.667,-0.296950088,NO
4/1/14,1,4,2014,Q2,15900.8,318866,236.771,208.2,2904,2388.4,11286.2,6.2,1,0.47527912,104.6724,138568,11171.4,1165000.333,0.976693973,NO
7/1/14,1,7,2014,Q3,16094.5,319544,237.311,207.1,2880.3,2394.7,11448.7,6.1,1,0.228068471,105.3271,139316,11297.1,1173778,1.218177702,NO
10/1/14,1,10,2014,Q4,16186.7,320222,237.125,200.4,2904.6,2379,11587.7,5.7,1,-0.078378162,106.283,140097,11436.6,1184920.667,0.572866507,NO
1/1/15,1,1,2015,Q1,16269,320771,235.409,191.5,2822.4,2287.8,11783.1,5.6,1,0.118627136,105.7877,140828,11513.7,1194819.333,0.508442116,NO
4/1/15,1,4,2015,Q2,16374.2,321337,236.832,193,2807.5,2298.6,11931.3,5.4,1,0.604479863,105.053,141481,11625.5,1199740,0.646628557,NO
7/1/15,1,7,2015,Q3,16454.9,322015,237.642,191.6,2782.5,2259.1,12098.1,5.2,1,0.342014593,105.4537,142151,11717.8,1204293.667,0.492848506,NO
10/1/15,1,10,2015,Q4,16490.7,322693,238.097,185.6,2732.6,2211.7,12253.5,5,1,0.191464472,104.5657,142872,11813.6,1212599,0.217564373,NO
1/1/16,1,1,2016,Q1,16525,323242,237.911,182,2686.3,2179,12498.2,4.9,1,-0.078119422,104.1297,143531,11818.2,1218754.333,0.207996022,NO
4/1/16,1,4,2016,Q2,16583.1,323808,239.4,185.4,2702.2,2209.7,12728.3,4.9,1,0.625864294,103.9206,143983,11912.9,1221227.667,0.351588502,NO
7/1/16,1,7,2016,Q3,16712.5,324486,240.371,186.8,2736,2277,12975.4,4.9,1,0.405597327,104.4288,144611,12009.2,1231305,0.780312487,NO